geography_code,region,year,epiweek,date,cases,in_reporting_delay_period
E45000016,East Midlands,2023,39,2023-09-25,1.0,False
E45000016,East Midlands,2023,41,2023-10-09,2.0,False
E45000016,East Midlands,2023,42,2023-10-16,1.0,False
E45000016,East Midlands,2023,45,2023-11-06,1.0,False
E45000016,East Midlands,2024,1,2024-01-01,1.0,False
E45000016,East Midlands,2024,2,2024-01-08,0.0,False
E45000016,East Midlands,2024,3,2024-01-15,5.0,False
E45000016,East Midlands,2024,4,2024-01-22,6.0,False
E45000016,East Midlands,2024,5,2024-01-29,17.0,False
E45000016,East Midlands,2024,6,2024-02-05,16.0,False
E45000016,East Midlands,2024,7,2024-02-12,13.0,False
E45000016,East Midlands,2024,8,2024-02-19,8.0,False
E45000016,East Midlands,2024,9,2024-02-26,5.0,False
E45000016,East Midlands,2024,10,2024-03-04,6.0,False
E45000016,East Midlands,2024,11,2024-03-11,9.0,False
E45000016,East Midlands,2024,12,2024-03-18,15.0,False
E45000016,East Midlands,2024,13,2024-03-25,11.0,False
E45000016,East Midlands,2024,14,2024-04-01,10.0,False
E45000016,East Midlands,2024,15,2024-04-08,8.0,False
E45000016,East Midlands,2024,16,2024-04-15,4.0,False
E45000016,East Midlands,2024,17,2024-04-22,2.0,False
E45000016,East Midlands,2024,18,2024-04-29,10.0,False
E45000016,East Midlands,2024,19,2024-05-06,5.0,False
E45000016,East Midlands,2024,20,2024-05-13,6.0,False
E45000016,East Midlands,2024,21,2024-05-20,10.0,False
E45000016,East Midlands,2024,22,2024-05-27,3.0,False
E45000016,East Midlands,2024,23,2024-06-03,2.0,False
E45000016,East Midlands,2024,24,2024-06-10,2.0,False
E45000016,East Midlands,2024,25,2024-06-17,2.0,False
E45000016,East Midlands,2024,26,2024-06-24,3.0,False
E45000016,East Midlands,2024,27,2024-07-01,1.0,False
E45000016,East Midlands,2024,28,2024-07-08,1.0,False
E45000016,East Midlands,2024,29,2024-07-15,1.0,False
E45000016,East Midlands,2024,30,2024-07-22,1.0,False
E45000016,East Midlands,2024,31,2024-07-29,0.0,False
E45000016,East Midlands,2024,32,2024-08-05,0.0,False
E45000016,East Midlands,2024,33,2024-08-12,1.0,False
E45000016,East Midlands,2024,34,2024-08-19,0.0,False
E45000016,East Midlands,2024,35,2024-08-26,0.0,False
E45000016,East Midlands,2024,36,2024-09-02,1.0,False
E45000016,East Midlands,2024,37,2024-09-09,0.0,False
E45000016,East Midlands,2024,38,2024-09-16,0.0,False
E45000016,East Midlands,2024,39,2024-09-23,0.0,False
E45000016,East Midlands,2024,40,2024-09-30,1.0,False
E45000016,East Midlands,2024,41,2024-10-07,1.0,False
E45000016,East Midlands,2024,42,2024-10-14,0.0,False
E45000016,East Midlands,2024,43,2024-10-21,5.0,False
E45000016,East Midlands,2024,44,2024-10-28,1.0,False
E45000016,East Midlands,2024,45,2024-11-04,3.0,False
E45000016,East Midlands,2024,46,2024-11-11,4.0,False
E45000016,East Midlands,2024,47,2024-11-18,1.0,False
E45000016,East Midlands,2024,48,2024-11-25,4.0,False
E45000016,East Midlands,2024,49,2024-12-02,1.0,False
E45000016,East Midlands,2024,50,2024-12-09,1.0,False
E45000016,East Midlands,2024,51,2024-12-16,2.0,False
E45000016,East Midlands,2024,52,2024-12-23,2.0,False
E45000016,East Midlands,2024,1,2024-12-30,4.0,False
E45000016,East Midlands,2025,2,2025-01-06,2.0,False
E45000016,East Midlands,2025,3,2025-01-13,0.0,False
E45000016,East Midlands,2025,4,2025-01-20,2.0,False
E45000016,East Midlands,2025,5,2025-01-27,0.0,False
E45000016,East Midlands,2025,6,2025-02-03,2.0,False
E45000016,East Midlands,2025,7,2025-02-10,1.0,False
E45000016,East Midlands,2025,8,2025-02-17,1.0,False
E45000016,East Midlands,2025,9,2025-02-24,2.0,False
E45000016,East Midlands,2025,10,2025-03-03,2.0,False
E45000016,East Midlands,2025,11,2025-03-10,2.0,False
E45000016,East Midlands,2025,12,2025-03-17,0.0,False
E45000016,East Midlands,2025,13,2025-03-24,0.0,False
E45000016,East Midlands,2025,14,2025-03-31,0.0,False
E45000016,East Midlands,2025,15,2025-04-07,0.0,False
E45000016,East Midlands,2025,16,2025-04-14,0.0,False
E45000016,East Midlands,2025,17,2025-04-21,0.0,False
E45000016,East Midlands,2025,18,2025-04-28,0.0,False
E45000016,East Midlands,2025,19,2025-05-05,0.0,False
E45000016,East Midlands,2025,20,2025-05-12,1.0,False
E45000016,East Midlands,2025,21,2025-05-19,0.0,False
E45000016,East Midlands,2025,22,2025-05-26,0.0,False
E45000016,East Midlands,2025,23,2025-06-02,0.0,False
E45000016,East Midlands,2025,24,2025-06-09,0.0,False
E45000016,East Midlands,2025,25,2025-06-16,0.0,False
E45000016,East Midlands,2025,26,2025-06-23,0.0,False
E45000016,East Midlands,2025,27,2025-06-30,0.0,False
E45000016,East Midlands,2025,28,2025-07-07,0.0,False
E45000016,East Midlands,2025,29,2025-07-14,0.0,False
E45000016,East Midlands,2025,30,2025-07-21,1.0,False
E45000016,East Midlands,2025,31,2025-07-28,0.0,False
E45000016,East Midlands,2025,32,2025-08-04,0.0,False
E45000016,East Midlands,2025,33,2025-08-11,0.0,False
E45000016,East Midlands,2025,34,2025-08-18,0.0,False
E45000016,East Midlands,2025,35,2025-08-25,0.0,False
E45000016,East Midlands,2025,36,2025-09-01,0.0,False
E45000016,East Midlands,2025,37,2025-09-08,1.0,False
E45000016,East Midlands,2025,38,2025-09-15,0.0,False
E45000016,East Midlands,2025,39,2025-09-22,1.0,False
E45000016,East Midlands,2025,40,2025-09-29,0.0,False
E45000016,East Midlands,2025,41,2025-10-06,1.0,False
E45000016,East Midlands,2025,42,2025-10-13,1.0,False
E45000016,East Midlands,2025,43,2025-10-20,0.0,False
E45000016,East Midlands,2025,44,2025-10-27,0.0,False
E45000016,East Midlands,2025,45,2025-11-03,0.0,False
E45000016,East Midlands,2025,46,2025-11-10,0.0,False
E45000016,East Midlands,2025,47,2025-11-17,0.0,False
E45000016,East Midlands,2025,48,2025-11-24,0.0,False
E45000016,East Midlands,2025,49,2025-12-01,0.0,False
E45000016,East Midlands,2025,50,2025-12-08,0.0,False
E45000016,East Midlands,2025,51,2025-12-15,0.0,False
E45000016,East Midlands,2025,52,2025-12-22,0.0,False
E45000016,East Midlands,2025,1,2025-12-29,0.0,False
E45000016,East Midlands,2026,2,2026-01-05,2.0,False
E45000016,East Midlands,2026,3,2026-01-12,2.0,False
E45000016,East Midlands,2026,4,2026-01-19,1.0,False
E45000016,East Midlands,2026,5,2026-01-26,1.0,False
E45000016,East Midlands,2026,6,2026-02-02,0.0,False
E45000016,East Midlands,2026,7,2026-02-09,2.0,False
E45000016,East Midlands,2026,8,2026-02-16,1.0,False
E45000016,East Midlands,2026,9,2026-02-23,1.0,False
E45000016,East Midlands,2026,10,2026-03-02,1.0,False
E45000016,East Midlands,2026,11,2026-03-09,1.0,False
E45000016,East Midlands,2026,12,2026-03-16,0.0,False
E45000016,East Midlands,2026,13,2026-03-23,1.0,False
E45000016,East Midlands,2026,14,2026-03-30,0.0,False
E45000016,East Midlands,2026,15,2026-04-06,0.0,False
E45000016,East Midlands,2026,16,2026-04-13,0.0,False
E45000016,East Midlands,2026,17,2026-04-20,0.0,False
E45000016,East Midlands,2026,18,2026-04-27,0.0,False
E45000016,East Midlands,2026,19,2026-05-04,0.0,False
E45000016,East Midlands,2026,20,2026-05-11,0.0,False
E45000016,East Midlands,2026,21,2026-05-18,1.0,False
E45000016,East Midlands,2026,22,2026-05-25,0.0,True
E45000016,East Midlands,2026,23,2026-06-01,0.0,True
E45000016,East Midlands,2026,24,2026-06-08,0.0,True
E45000016,East Midlands,2026,25,2026-06-15,0.0,True
E45000017,East of England,2023,51,2023-12-18,1.0,False
E45000017,East of England,2023,52,2023-12-25,1.0,False
E45000017,East of England,2024,1,2024-01-01,0.0,False
E45000017,East of England,2024,2,2024-01-08,0.0,False
E45000017,East of England,2024,3,2024-01-15,0.0,False
E45000017,East of England,2024,4,2024-01-22,1.0,False
E45000017,East of England,2024,5,2024-01-29,4.0,False
E45000017,East of England,2024,6,2024-02-05,3.0,False
E45000017,East of England,2024,7,2024-02-12,0.0,False
E45000017,East of England,2024,8,2024-02-19,5.0,False
E45000017,East of England,2024,9,2024-02-26,5.0,False
E45000017,East of England,2024,10,2024-03-04,5.0,False
E45000017,East of England,2024,11,2024-03-11,3.0,False
E45000017,East of England,2024,12,2024-03-18,2.0,False
E45000017,East of England,2024,13,2024-03-25,3.0,False
E45000017,East of England,2024,14,2024-04-01,3.0,False
E45000017,East of England,2024,15,2024-04-08,9.0,False
E45000017,East of England,2024,16,2024-04-15,6.0,False
E45000017,East of England,2024,17,2024-04-22,6.0,False
E45000017,East of England,2024,18,2024-04-29,5.0,False
E45000017,East of England,2024,19,2024-05-06,6.0,False
E45000017,East of England,2024,20,2024-05-13,10.0,False
E45000017,East of England,2024,21,2024-05-20,10.0,False
E45000017,East of England,2024,22,2024-05-27,15.0,False
E45000017,East of England,2024,23,2024-06-03,15.0,False
E45000017,East of England,2024,24,2024-06-10,10.0,False
E45000017,East of England,2024,25,2024-06-17,10.0,False
E45000017,East of England,2024,26,2024-06-24,8.0,False
E45000017,East of England,2024,27,2024-07-01,13.0,False
E45000017,East of England,2024,28,2024-07-08,4.0,False
E45000017,East of England,2024,29,2024-07-15,6.0,False
E45000017,East of England,2024,30,2024-07-22,5.0,False
E45000017,East of England,2024,31,2024-07-29,2.0,False
E45000017,East of England,2024,32,2024-08-05,1.0,False
E45000017,East of England,2024,33,2024-08-12,2.0,False
E45000017,East of England,2024,34,2024-08-19,3.0,False
E45000017,East of England,2024,35,2024-08-26,3.0,False
E45000017,East of England,2024,36,2024-09-02,2.0,False
E45000017,East of England,2024,37,2024-09-09,4.0,False
E45000017,East of England,2024,38,2024-09-16,6.0,False
E45000017,East of England,2024,39,2024-09-23,6.0,False
E45000017,East of England,2024,40,2024-09-30,4.0,False
E45000017,East of England,2024,41,2024-10-07,6.0,False
E45000017,East of England,2024,42,2024-10-14,3.0,False
E45000017,East of England,2024,43,2024-10-21,9.0,False
E45000017,East of England,2024,44,2024-10-28,3.0,False
E45000017,East of England,2024,45,2024-11-04,4.0,False
E45000017,East of England,2024,46,2024-11-11,7.0,False
E45000017,East of England,2024,47,2024-11-18,4.0,False
E45000017,East of England,2024,48,2024-11-25,3.0,False
E45000017,East of England,2024,49,2024-12-02,5.0,False
E45000017,East of England,2024,50,2024-12-09,2.0,False
E45000017,East of England,2024,51,2024-12-16,2.0,False
E45000017,East of England,2024,52,2024-12-23,0.0,False
E45000017,East of England,2024,1,2024-12-30,1.0,False
E45000017,East of England,2025,2,2025-01-06,2.0,False
E45000017,East of England,2025,3,2025-01-13,2.0,False
E45000017,East of England,2025,4,2025-01-20,7.0,False
E45000017,East of England,2025,5,2025-01-27,3.0,False
E45000017,East of England,2025,6,2025-02-03,3.0,False
E45000017,East of England,2025,7,2025-02-10,2.0,False
E45000017,East of England,2025,8,2025-02-17,2.0,False
E45000017,East of England,2025,9,2025-02-24,5.0,False
E45000017,East of England,2025,10,2025-03-03,2.0,False
E45000017,East of England,2025,11,2025-03-10,0.0,False
E45000017,East of England,2025,12,2025-03-17,1.0,False
E45000017,East of England,2025,13,2025-03-24,3.0,False
E45000017,East of England,2025,14,2025-03-31,3.0,False
E45000017,East of England,2025,15,2025-04-07,5.0,False
E45000017,East of England,2025,16,2025-04-14,8.0,False
E45000017,East of England,2025,17,2025-04-21,0.0,False
E45000017,East of England,2025,18,2025-04-28,5.0,False
E45000017,East of England,2025,19,2025-05-05,3.0,False
E45000017,East of England,2025,20,2025-05-12,4.0,False
E45000017,East of England,2025,21,2025-05-19,2.0,False
E45000017,East of England,2025,22,2025-05-26,2.0,False
E45000017,East of England,2025,23,2025-06-02,1.0,False
E45000017,East of England,2025,24,2025-06-09,0.0,False
E45000017,East of England,2025,25,2025-06-16,0.0,False
E45000017,East of England,2025,26,2025-06-23,1.0,False
E45000017,East of England,2025,27,2025-06-30,0.0,False
E45000017,East of England,2025,28,2025-07-07,0.0,False
E45000017,East of England,2025,29,2025-07-14,0.0,False
E45000017,East of England,2025,30,2025-07-21,0.0,False
E45000017,East of England,2025,31,2025-07-28,0.0,False
E45000017,East of England,2025,32,2025-08-04,1.0,False
E45000017,East of England,2025,33,2025-08-11,0.0,False
E45000017,East of England,2025,34,2025-08-18,0.0,False
E45000017,East of England,2025,35,2025-08-25,1.0,False
E45000017,East of England,2025,36,2025-09-01,0.0,False
E45000017,East of England,2025,37,2025-09-08,0.0,False
E45000017,East of England,2025,38,2025-09-15,0.0,False
E45000017,East of England,2025,39,2025-09-22,0.0,False
E45000017,East of England,2025,40,2025-09-29,0.0,False
E45000017,East of England,2025,41,2025-10-06,0.0,False
E45000017,East of England,2025,42,2025-10-13,0.0,False
E45000017,East of England,2025,43,2025-10-20,2.0,False
E45000017,East of England,2025,44,2025-10-27,0.0,False
E45000017,East of England,2025,45,2025-11-03,3.0,False
E45000017,East of England,2025,46,2025-11-10,1.0,False
E45000017,East of England,2025,47,2025-11-17,1.0,False
E45000017,East of England,2025,48,2025-11-24,0.0,False
E45000017,East of England,2025,49,2025-12-01,0.0,False
E45000017,East of England,2025,50,2025-12-08,0.0,False
E45000017,East of England,2025,51,2025-12-15,0.0,False
E45000017,East of England,2025,52,2025-12-22,0.0,False
E45000017,East of England,2025,1,2025-12-29,0.0,False
E45000017,East of England,2026,2,2026-01-05,0.0,False
E45000017,East of England,2026,3,2026-01-12,1.0,False
E45000017,East of England,2026,4,2026-01-19,0.0,False
E45000017,East of England,2026,5,2026-01-26,2.0,False
E45000017,East of England,2026,6,2026-02-02,1.0,False
E45000017,East of England,2026,7,2026-02-09,0.0,False
E45000017,East of England,2026,8,2026-02-16,4.0,False
E45000017,East of England,2026,9,2026-02-23,5.0,False
E45000017,East of England,2026,10,2026-03-02,0.0,False
E45000017,East of England,2026,11,2026-03-09,2.0,False
E45000017,East of England,2026,12,2026-03-16,0.0,False
E45000017,East of England,2026,13,2026-03-23,1.0,False
E45000017,East of England,2026,14,2026-03-30,2.0,False
E45000017,East of England,2026,15,2026-04-06,0.0,False
E45000017,East of England,2026,16,2026-04-13,3.0,False
E45000017,East of England,2026,17,2026-04-20,2.0,False
E45000017,East of England,2026,18,2026-04-27,3.0,False
E45000017,East of England,2026,19,2026-05-04,5.0,False
E45000017,East of England,2026,20,2026-05-11,5.0,False
E45000017,East of England,2026,21,2026-05-18,12.0,False
E45000017,East of England,2026,22,2026-05-25,7.0,True
E45000017,East of England,2026,23,2026-06-01,6.0,True
E45000017,East of England,2026,24,2026-06-08,1.0,True
E45000017,East of England,2026,25,2026-06-15,1.0,True
E45000001,London,2023,40,2023-10-02,4.0,False
E45000001,London,2023,42,2023-10-16,3.0,False
E45000001,London,2023,43,2023-10-23,3.0,False
E45000001,London,2023,44,2023-10-30,1.0,False
E45000001,London,2023,45,2023-11-06,2.0,False
E45000001,London,2023,48,2023-11-27,3.0,False
E45000001,London,2023,49,2023-12-04,1.0,False
E45000001,London,2023,50,2023-12-11,2.0,False
E45000001,London,2023,51,2023-12-18,7.0,False
E45000001,London,2023,52,2023-12-25,8.0,False
E45000001,London,2024,1,2024-01-01,7.0,False
E45000001,London,2024,2,2024-01-08,12.0,False
E45000001,London,2024,3,2024-01-15,12.0,False
E45000001,London,2024,4,2024-01-22,9.0,False
E45000001,London,2024,5,2024-01-29,8.0,False
E45000001,London,2024,6,2024-02-05,16.0,False
E45000001,London,2024,7,2024-02-12,12.0,False
E45000001,London,2024,8,2024-02-19,14.0,False
E45000001,London,2024,9,2024-02-26,28.0,False
E45000001,London,2024,10,2024-03-04,27.0,False
E45000001,London,2024,11,2024-03-11,33.0,False
E45000001,London,2024,12,2024-03-18,36.0,False
E45000001,London,2024,13,2024-03-25,29.0,False
E45000001,London,2024,14,2024-04-01,39.0,False
E45000001,London,2024,15,2024-04-08,58.0,False
E45000001,London,2024,16,2024-04-15,42.0,False
E45000001,London,2024,17,2024-04-22,40.0,False
E45000001,London,2024,18,2024-04-29,34.0,False
E45000001,London,2024,19,2024-05-06,44.0,False
E45000001,London,2024,20,2024-05-13,58.0,False
E45000001,London,2024,21,2024-05-20,57.0,False
E45000001,London,2024,22,2024-05-27,42.0,False
E45000001,London,2024,23,2024-06-03,38.0,False
E45000001,London,2024,24,2024-06-10,32.0,False
E45000001,London,2024,25,2024-06-17,49.0,False
E45000001,London,2024,26,2024-06-24,53.0,False
E45000001,London,2024,27,2024-07-01,47.0,False
E45000001,London,2024,28,2024-07-08,65.0,False
E45000001,London,2024,29,2024-07-15,65.0,False
E45000001,London,2024,30,2024-07-22,40.0,False
E45000001,London,2024,31,2024-07-29,48.0,False
E45000001,London,2024,32,2024-08-05,38.0,False
E45000001,London,2024,33,2024-08-12,29.0,False
E45000001,London,2024,34,2024-08-19,21.0,False
E45000001,London,2024,35,2024-08-26,17.0,False
E45000001,London,2024,36,2024-09-02,16.0,False
E45000001,London,2024,37,2024-09-09,15.0,False
E45000001,London,2024,38,2024-09-16,11.0,False
E45000001,London,2024,39,2024-09-23,6.0,False
E45000001,London,2024,40,2024-09-30,7.0,False
E45000001,London,2024,41,2024-10-07,6.0,False
E45000001,London,2024,42,2024-10-14,5.0,False
E45000001,London,2024,43,2024-10-21,5.0,False
E45000001,London,2024,44,2024-10-28,6.0,False
E45000001,London,2024,45,2024-11-04,5.0,False
E45000001,London,2024,46,2024-11-11,1.0,False
E45000001,London,2024,47,2024-11-18,4.0,False
E45000001,London,2024,48,2024-11-25,5.0,False
E45000001,London,2024,49,2024-12-02,3.0,False
E45000001,London,2024,50,2024-12-09,4.0,False
E45000001,London,2024,51,2024-12-16,2.0,False
E45000001,London,2024,52,2024-12-23,4.0,False
E45000001,London,2024,1,2024-12-30,4.0,False
E45000001,London,2025,2,2025-01-06,2.0,False
E45000001,London,2025,3,2025-01-13,5.0,False
E45000001,London,2025,4,2025-01-20,4.0,False
E45000001,London,2025,5,2025-01-27,2.0,False
E45000001,London,2025,6,2025-02-03,5.0,False
E45000001,London,2025,7,2025-02-10,3.0,False
E45000001,London,2025,8,2025-02-17,5.0,False
E45000001,London,2025,9,2025-02-24,4.0,False
E45000001,London,2025,10,2025-03-03,6.0,False
E45000001,London,2025,11,2025-03-10,8.0,False
E45000001,London,2025,12,2025-03-17,10.0,False
E45000001,London,2025,13,2025-03-24,6.0,False
E45000001,London,2025,14,2025-03-31,10.0,False
E45000001,London,2025,15,2025-04-07,12.0,False
E45000001,London,2025,16,2025-04-14,18.0,False
E45000001,London,2025,17,2025-04-21,13.0,False
E45000001,London,2025,18,2025-04-28,14.0,False
E45000001,London,2025,19,2025-05-05,12.0,False
E45000001,London,2025,20,2025-05-12,11.0,False
E45000001,London,2025,21,2025-05-19,19.0,False
E45000001,London,2025,22,2025-05-26,18.0,False
E45000001,London,2025,23,2025-06-02,21.0,False
E45000001,London,2025,24,2025-06-09,16.0,False
E45000001,London,2025,25,2025-06-16,19.0,False
E45000001,London,2025,26,2025-06-23,17.0,False
E45000001,London,2025,27,2025-06-30,22.0,False
E45000001,London,2025,28,2025-07-07,20.0,False
E45000001,London,2025,29,2025-07-14,30.0,False
E45000001,London,2025,30,2025-07-21,11.0,False
E45000001,London,2025,31,2025-07-28,15.0,False
E45000001,London,2025,32,2025-08-04,14.0,False
E45000001,London,2025,33,2025-08-11,8.0,False
E45000001,London,2025,34,2025-08-18,3.0,False
E45000001,London,2025,35,2025-08-25,5.0,False
E45000001,London,2025,36,2025-09-01,5.0,False
E45000001,London,2025,37,2025-09-08,4.0,False
E45000001,London,2025,38,2025-09-15,6.0,False
E45000001,London,2025,39,2025-09-22,3.0,False
E45000001,London,2025,40,2025-09-29,4.0,False
E45000001,London,2025,41,2025-10-06,2.0,False
E45000001,London,2025,42,2025-10-13,1.0,False
E45000001,London,2025,43,2025-10-20,7.0,False
E45000001,London,2025,44,2025-10-27,5.0,False
E45000001,London,2025,45,2025-11-03,6.0,False
E45000001,London,2025,46,2025-11-10,7.0,False
E45000001,London,2025,47,2025-11-17,8.0,False
E45000001,London,2025,48,2025-11-24,12.0,False
E45000001,London,2025,49,2025-12-01,12.0,False
E45000001,London,2025,50,2025-12-08,8.0,False
E45000001,London,2025,51,2025-12-15,6.0,False
E45000001,London,2025,52,2025-12-22,4.0,False
E45000001,London,2025,1,2025-12-29,5.0,False
E45000001,London,2026,2,2026-01-05,5.0,False
E45000001,London,2026,3,2026-01-12,25.0,False
E45000001,London,2026,4,2026-01-19,15.0,False
E45000001,London,2026,5,2026-01-26,22.0,False
E45000001,London,2026,6,2026-02-02,15.0,False
E45000001,London,2026,7,2026-02-09,34.0,False
E45000001,London,2026,8,2026-02-16,27.0,False
E45000001,London,2026,9,2026-02-23,14.0,False
E45000001,London,2026,10,2026-03-02,19.0,False
E45000001,London,2026,11,2026-03-09,8.0,False
E45000001,London,2026,12,2026-03-16,13.0,False
E45000001,London,2026,13,2026-03-23,13.0,False
E45000001,London,2026,14,2026-03-30,25.0,False
E45000001,London,2026,15,2026-04-06,28.0,False
E45000001,London,2026,16,2026-04-13,24.0,False
E45000001,London,2026,17,2026-04-20,16.0,False
E45000001,London,2026,18,2026-04-27,16.0,False
E45000001,London,2026,19,2026-05-04,22.0,False
E45000001,London,2026,20,2026-05-11,19.0,False
E45000001,London,2026,21,2026-05-18,17.0,False
E45000001,London,2026,22,2026-05-25,31.0,True
E45000001,London,2026,23,2026-06-01,9.0,True
E45000001,London,2026,24,2026-06-08,10.0,True
E45000001,London,2026,25,2026-06-15,1.0,True
E45000009,North East,2024,1,2024-01-01,0.0,False
E45000009,North East,2024,2,2024-01-08,0.0,False
E45000009,North East,2024,3,2024-01-15,0.0,False
E45000009,North East,2024,4,2024-01-22,0.0,False
E45000009,North East,2024,5,2024-01-29,0.0,False
E45000009,North East,2024,6,2024-02-05,0.0,False
E45000009,North East,2024,7,2024-02-12,1.0,False
E45000009,North East,2024,8,2024-02-19,0.0,False
E45000009,North East,2024,9,2024-02-26,1.0,False
E45000009,North East,2024,10,2024-03-04,1.0,False
E45000009,North East,2024,11,2024-03-11,1.0,False
E45000009,North East,2024,12,2024-03-18,1.0,False
E45000009,North East,2024,13,2024-03-25,6.0,False
E45000009,North East,2024,14,2024-04-01,12.0,False
E45000009,North East,2024,15,2024-04-08,4.0,False
E45000009,North East,2024,16,2024-04-15,8.0,False
E45000009,North East,2024,17,2024-04-22,10.0,False
E45000009,North East,2024,18,2024-04-29,10.0,False
E45000009,North East,2024,19,2024-05-06,10.0,False
E45000009,North East,2024,20,2024-05-13,5.0,False
E45000009,North East,2024,21,2024-05-20,2.0,False
E45000009,North East,2024,22,2024-05-27,0.0,False
E45000009,North East,2024,23,2024-06-03,2.0,False
E45000009,North East,2024,24,2024-06-10,2.0,False
E45000009,North East,2024,25,2024-06-17,0.0,False
E45000009,North East,2024,26,2024-06-24,0.0,False
E45000009,North East,2024,27,2024-07-01,1.0,False
E45000009,North East,2024,28,2024-07-08,0.0,False
E45000009,North East,2024,29,2024-07-15,0.0,False
E45000009,North East,2024,30,2024-07-22,0.0,False
E45000009,North East,2024,31,2024-07-29,0.0,False
E45000009,North East,2024,32,2024-08-05,0.0,False
E45000009,North East,2024,33,2024-08-12,0.0,False
E45000009,North East,2024,34,2024-08-19,0.0,False
E45000009,North East,2024,35,2024-08-26,1.0,False
E45000009,North East,2024,36,2024-09-02,1.0,False
E45000009,North East,2024,37,2024-09-09,0.0,False
E45000009,North East,2024,38,2024-09-16,0.0,False
E45000009,North East,2024,39,2024-09-23,0.0,False
E45000009,North East,2024,40,2024-09-30,0.0,False
E45000009,North East,2024,41,2024-10-07,0.0,False
E45000009,North East,2024,42,2024-10-14,0.0,False
E45000009,North East,2024,43,2024-10-21,0.0,False
E45000009,North East,2024,44,2024-10-28,0.0,False
E45000009,North East,2024,45,2024-11-04,0.0,False
E45000009,North East,2024,46,2024-11-11,0.0,False
E45000009,North East,2024,47,2024-11-18,0.0,False
E45000009,North East,2024,48,2024-11-25,0.0,False
E45000009,North East,2024,49,2024-12-02,0.0,False
E45000009,North East,2024,50,2024-12-09,0.0,False
E45000009,North East,2024,51,2024-12-16,0.0,False
E45000009,North East,2024,52,2024-12-23,0.0,False
E45000009,North East,2024,1,2024-12-30,0.0,False
E45000009,North East,2025,2,2025-01-06,0.0,False
E45000009,North East,2025,3,2025-01-13,1.0,False
E45000009,North East,2025,4,2025-01-20,0.0,False
E45000009,North East,2025,5,2025-01-27,0.0,False
E45000009,North East,2025,6,2025-02-03,0.0,False
E45000009,North East,2025,7,2025-02-10,1.0,False
E45000009,North East,2025,8,2025-02-17,2.0,False
E45000009,North East,2025,9,2025-02-24,1.0,False
E45000009,North East,2025,10,2025-03-03,1.0,False
E45000009,North East,2025,11,2025-03-10,0.0,False
E45000009,North East,2025,12,2025-03-17,0.0,False
E45000009,North East,2025,13,2025-03-24,0.0,False
E45000009,North East,2025,14,2025-03-31,0.0,False
E45000009,North East,2025,15,2025-04-07,0.0,False
E45000009,North East,2025,16,2025-04-14,0.0,False
E45000009,North East,2025,17,2025-04-21,0.0,False
E45000009,North East,2025,18,2025-04-28,0.0,False
E45000009,North East,2025,19,2025-05-05,0.0,False
E45000009,North East,2025,20,2025-05-12,0.0,False
E45000009,North East,2025,21,2025-05-19,0.0,False
E45000009,North East,2025,22,2025-05-26,0.0,False
E45000009,North East,2025,23,2025-06-02,0.0,False
E45000009,North East,2025,24,2025-06-09,0.0,False
E45000009,North East,2025,25,2025-06-16,0.0,False
E45000009,North East,2025,26,2025-06-23,0.0,False
E45000009,North East,2025,27,2025-06-30,0.0,False
E45000009,North East,2025,28,2025-07-07,0.0,False
E45000009,North East,2025,29,2025-07-14,0.0,False
E45000009,North East,2025,30,2025-07-21,0.0,False
E45000009,North East,2025,31,2025-07-28,0.0,False
E45000009,North East,2025,32,2025-08-04,0.0,False
E45000009,North East,2025,33,2025-08-11,0.0,False
E45000009,North East,2025,34,2025-08-18,0.0,False
E45000009,North East,2025,35,2025-08-25,0.0,False
E45000009,North East,2025,36,2025-09-01,0.0,False
E45000009,North East,2025,37,2025-09-08,0.0,False
E45000009,North East,2025,38,2025-09-15,0.0,False
E45000009,North East,2025,39,2025-09-22,0.0,False
E45000009,North East,2025,40,2025-09-29,0.0,False
E45000009,North East,2025,41,2025-10-06,0.0,False
E45000009,North East,2025,42,2025-10-13,0.0,False
E45000009,North East,2025,43,2025-10-20,0.0,False
E45000009,North East,2025,44,2025-10-27,0.0,False
E45000009,North East,2025,45,2025-11-03,0.0,False
E45000009,North East,2025,46,2025-11-10,0.0,False
E45000009,North East,2025,47,2025-11-17,0.0,False
E45000009,North East,2025,48,2025-11-24,0.0,False
E45000009,North East,2025,49,2025-12-01,0.0,False
E45000009,North East,2025,50,2025-12-08,0.0,False
E45000009,North East,2025,51,2025-12-15,0.0,False
E45000009,North East,2025,52,2025-12-22,0.0,False
E45000009,North East,2025,1,2025-12-29,0.0,False
E45000009,North East,2026,2,2026-01-05,0.0,False
E45000009,North East,2026,3,2026-01-12,0.0,False
E45000009,North East,2026,4,2026-01-19,0.0,False
E45000009,North East,2026,5,2026-01-26,0.0,False
E45000009,North East,2026,6,2026-02-02,0.0,False
E45000009,North East,2026,7,2026-02-09,1.0,False
E45000009,North East,2026,8,2026-02-16,0.0,False
E45000009,North East,2026,9,2026-02-23,0.0,False
E45000009,North East,2026,10,2026-03-02,0.0,False
E45000009,North East,2026,11,2026-03-09,1.0,False
E45000009,North East,2026,12,2026-03-16,1.0,False
E45000009,North East,2026,13,2026-03-23,0.0,False
E45000009,North East,2026,14,2026-03-30,0.0,False
E45000009,North East,2026,15,2026-04-06,1.0,False
E45000009,North East,2026,16,2026-04-13,0.0,False
E45000009,North East,2026,17,2026-04-20,0.0,False
E45000009,North East,2026,18,2026-04-27,0.0,False
E45000009,North East,2026,19,2026-05-04,0.0,False
E45000009,North East,2026,20,2026-05-11,0.0,False
E45000009,North East,2026,21,2026-05-18,1.0,False
E45000009,North East,2026,22,2026-05-25,0.0,True
E45000009,North East,2026,23,2026-06-01,0.0,True
E45000009,North East,2026,24,2026-06-08,0.0,True
E45000009,North East,2026,25,2026-06-15,0.0,True
E45000018,North West,2023,44,2023-10-30,1.0,False
E45000018,North West,2024,1,2024-01-01,0.0,False
E45000018,North West,2024,2,2024-01-08,0.0,False
E45000018,North West,2024,3,2024-01-15,0.0,False
E45000018,North West,2024,4,2024-01-22,7.0,False
E45000018,North West,2024,5,2024-01-29,6.0,False
E45000018,North West,2024,6,2024-02-05,5.0,False
E45000018,North West,2024,7,2024-02-12,10.0,False
E45000018,North West,2024,8,2024-02-19,3.0,False
E45000018,North West,2024,9,2024-02-26,5.0,False
E45000018,North West,2024,10,2024-03-04,2.0,False
E45000018,North West,2024,11,2024-03-11,7.0,False
E45000018,North West,2024,12,2024-03-18,2.0,False
E45000018,North West,2024,13,2024-03-25,4.0,False
E45000018,North West,2024,14,2024-04-01,5.0,False
E45000018,North West,2024,15,2024-04-08,3.0,False
E45000018,North West,2024,16,2024-04-15,0.0,False
E45000018,North West,2024,17,2024-04-22,4.0,False
E45000018,North West,2024,18,2024-04-29,2.0,False
E45000018,North West,2024,19,2024-05-06,6.0,False
E45000018,North West,2024,20,2024-05-13,4.0,False
E45000018,North West,2024,21,2024-05-20,1.0,False
E45000018,North West,2024,22,2024-05-27,0.0,False
E45000018,North West,2024,23,2024-06-03,0.0,False
E45000018,North West,2024,24,2024-06-10,1.0,False
E45000018,North West,2024,25,2024-06-17,2.0,False
E45000018,North West,2024,26,2024-06-24,1.0,False
E45000018,North West,2024,27,2024-07-01,2.0,False
E45000018,North West,2024,28,2024-07-08,6.0,False
E45000018,North West,2024,29,2024-07-15,0.0,False
E45000018,North West,2024,30,2024-07-22,3.0,False
E45000018,North West,2024,31,2024-07-29,1.0,False
E45000018,North West,2024,32,2024-08-05,1.0,False
E45000018,North West,2024,33,2024-08-12,0.0,False
E45000018,North West,2024,34,2024-08-19,0.0,False
E45000018,North West,2024,35,2024-08-26,0.0,False
E45000018,North West,2024,36,2024-09-02,1.0,False
E45000018,North West,2024,37,2024-09-09,0.0,False
E45000018,North West,2024,38,2024-09-16,1.0,False
E45000018,North West,2024,39,2024-09-23,0.0,False
E45000018,North West,2024,40,2024-09-30,1.0,False
E45000018,North West,2024,41,2024-10-07,0.0,False
E45000018,North West,2024,42,2024-10-14,0.0,False
E45000018,North West,2024,43,2024-10-21,0.0,False
E45000018,North West,2024,44,2024-10-28,1.0,False
E45000018,North West,2024,45,2024-11-04,1.0,False
E45000018,North West,2024,46,2024-11-11,0.0,False
E45000018,North West,2024,47,2024-11-18,0.0,False
E45000018,North West,2024,48,2024-11-25,0.0,False
E45000018,North West,2024,49,2024-12-02,1.0,False
E45000018,North West,2024,50,2024-12-09,0.0,False
E45000018,North West,2024,51,2024-12-16,0.0,False
E45000018,North West,2024,52,2024-12-23,1.0,False
E45000018,North West,2024,1,2024-12-30,2.0,False
E45000018,North West,2025,2,2025-01-06,0.0,False
E45000018,North West,2025,3,2025-01-13,2.0,False
E45000018,North West,2025,4,2025-01-20,2.0,False
E45000018,North West,2025,5,2025-01-27,0.0,False
E45000018,North West,2025,6,2025-02-03,1.0,False
E45000018,North West,2025,7,2025-02-10,2.0,False
E45000018,North West,2025,8,2025-02-17,0.0,False
E45000018,North West,2025,9,2025-02-24,2.0,False
E45000018,North West,2025,10,2025-03-03,1.0,False
E45000018,North West,2025,11,2025-03-10,0.0,False
E45000018,North West,2025,12,2025-03-17,1.0,False
E45000018,North West,2025,13,2025-03-24,1.0,False
E45000018,North West,2025,14,2025-03-31,5.0,False
E45000018,North West,2025,15,2025-04-07,3.0,False
E45000018,North West,2025,16,2025-04-14,1.0,False
E45000018,North West,2025,17,2025-04-21,2.0,False
E45000018,North West,2025,18,2025-04-28,1.0,False
E45000018,North West,2025,19,2025-05-05,7.0,False
E45000018,North West,2025,20,2025-05-12,7.0,False
E45000018,North West,2025,21,2025-05-19,4.0,False
E45000018,North West,2025,22,2025-05-26,4.0,False
E45000018,North West,2025,23,2025-06-02,7.0,False
E45000018,North West,2025,24,2025-06-09,9.0,False
E45000018,North West,2025,25,2025-06-16,2.0,False
E45000018,North West,2025,26,2025-06-23,12.0,False
E45000018,North West,2025,27,2025-06-30,11.0,False
E45000018,North West,2025,28,2025-07-07,8.0,False
E45000018,North West,2025,29,2025-07-14,8.0,False
E45000018,North West,2025,30,2025-07-21,3.0,False
E45000018,North West,2025,31,2025-07-28,3.0,False
E45000018,North West,2025,32,2025-08-04,1.0,False
E45000018,North West,2025,33,2025-08-11,4.0,False
E45000018,North West,2025,34,2025-08-18,0.0,False
E45000018,North West,2025,35,2025-08-25,1.0,False
E45000018,North West,2025,36,2025-09-01,1.0,False
E45000018,North West,2025,37,2025-09-08,1.0,False
E45000018,North West,2025,38,2025-09-15,1.0,False
E45000018,North West,2025,39,2025-09-22,0.0,False
E45000018,North West,2025,40,2025-09-29,1.0,False
E45000018,North West,2025,41,2025-10-06,2.0,False
E45000018,North West,2025,42,2025-10-13,0.0,False
E45000018,North West,2025,43,2025-10-20,0.0,False
E45000018,North West,2025,44,2025-10-27,2.0,False
E45000018,North West,2025,45,2025-11-03,1.0,False
E45000018,North West,2025,46,2025-11-10,2.0,False
E45000018,North West,2025,47,2025-11-17,3.0,False
E45000018,North West,2025,48,2025-11-24,0.0,False
E45000018,North West,2025,49,2025-12-01,0.0,False
E45000018,North West,2025,50,2025-12-08,0.0,False
E45000018,North West,2025,51,2025-12-15,1.0,False
E45000018,North West,2025,52,2025-12-22,1.0,False
E45000018,North West,2025,1,2025-12-29,0.0,False
E45000018,North West,2026,2,2026-01-05,0.0,False
E45000018,North West,2026,3,2026-01-12,0.0,False
E45000018,North West,2026,4,2026-01-19,1.0,False
E45000018,North West,2026,5,2026-01-26,2.0,False
E45000018,North West,2026,6,2026-02-02,2.0,False
E45000018,North West,2026,7,2026-02-09,2.0,False
E45000018,North West,2026,8,2026-02-16,1.0,False
E45000018,North West,2026,9,2026-02-23,2.0,False
E45000018,North West,2026,10,2026-03-02,2.0,False
E45000018,North West,2026,11,2026-03-09,2.0,False
E45000018,North West,2026,12,2026-03-16,8.0,False
E45000018,North West,2026,13,2026-03-23,5.0,False
E45000018,North West,2026,14,2026-03-30,2.0,False
E45000018,North West,2026,15,2026-04-06,2.0,False
E45000018,North West,2026,16,2026-04-13,7.0,False
E45000018,North West,2026,17,2026-04-20,3.0,False
E45000018,North West,2026,18,2026-04-27,10.0,False
E45000018,North West,2026,19,2026-05-04,10.0,False
E45000018,North West,2026,20,2026-05-11,10.0,False
E45000018,North West,2026,21,2026-05-18,6.0,False
E45000018,North West,2026,22,2026-05-25,6.0,True
E45000018,North West,2026,23,2026-06-01,2.0,True
E45000018,North West,2026,24,2026-06-08,2.0,True
E45000018,North West,2026,25,2026-06-15,0.0,True
E45000019,South East,2024,1,2024-01-01,0.0,False
E45000019,South East,2024,2,2024-01-08,3.0,False
E45000019,South East,2024,3,2024-01-15,0.0,False
E45000019,South East,2024,4,2024-01-22,2.0,False
E45000019,South East,2024,5,2024-01-29,0.0,False
E45000019,South East,2024,6,2024-02-05,2.0,False
E45000019,South East,2024,7,2024-02-12,0.0,False
E45000019,South East,2024,8,2024-02-19,1.0,False
E45000019,South East,2024,9,2024-02-26,5.0,False
E45000019,South East,2024,10,2024-03-04,1.0,False
E45000019,South East,2024,11,2024-03-11,1.0,False
E45000019,South East,2024,12,2024-03-18,0.0,False
E45000019,South East,2024,13,2024-03-25,2.0,False
E45000019,South East,2024,14,2024-04-01,1.0,False
E45000019,South East,2024,15,2024-04-08,4.0,False
E45000019,South East,2024,16,2024-04-15,5.0,False
E45000019,South East,2024,17,2024-04-22,2.0,False
E45000019,South East,2024,18,2024-04-29,2.0,False
E45000019,South East,2024,19,2024-05-06,3.0,False
E45000019,South East,2024,20,2024-05-13,6.0,False
E45000019,South East,2024,21,2024-05-20,5.0,False
E45000019,South East,2024,22,2024-05-27,2.0,False
E45000019,South East,2024,23,2024-06-03,6.0,False
E45000019,South East,2024,24,2024-06-10,4.0,False
E45000019,South East,2024,25,2024-06-17,3.0,False
E45000019,South East,2024,26,2024-06-24,1.0,False
E45000019,South East,2024,27,2024-07-01,5.0,False
E45000019,South East,2024,28,2024-07-08,3.0,False
E45000019,South East,2024,29,2024-07-15,8.0,False
E45000019,South East,2024,30,2024-07-22,2.0,False
E45000019,South East,2024,31,2024-07-29,8.0,False
E45000019,South East,2024,32,2024-08-05,6.0,False
E45000019,South East,2024,33,2024-08-12,7.0,False
E45000019,South East,2024,34,2024-08-19,8.0,False
E45000019,South East,2024,35,2024-08-26,1.0,False
E45000019,South East,2024,36,2024-09-02,2.0,False
E45000019,South East,2024,37,2024-09-09,1.0,False
E45000019,South East,2024,38,2024-09-16,0.0,False
E45000019,South East,2024,39,2024-09-23,1.0,False
E45000019,South East,2024,40,2024-09-30,1.0,False
E45000019,South East,2024,41,2024-10-07,0.0,False
E45000019,South East,2024,42,2024-10-14,1.0,False
E45000019,South East,2024,43,2024-10-21,0.0,False
E45000019,South East,2024,44,2024-10-28,0.0,False
E45000019,South East,2024,45,2024-11-04,2.0,False
E45000019,South East,2024,46,2024-11-11,1.0,False
E45000019,South East,2024,47,2024-11-18,1.0,False
E45000019,South East,2024,48,2024-11-25,1.0,False
E45000019,South East,2024,49,2024-12-02,0.0,False
E45000019,South East,2024,50,2024-12-09,1.0,False
E45000019,South East,2024,51,2024-12-16,0.0,False
E45000019,South East,2024,52,2024-12-23,0.0,False
E45000019,South East,2024,1,2024-12-30,0.0,False
E45000019,South East,2025,2,2025-01-06,0.0,False
E45000019,South East,2025,3,2025-01-13,0.0,False
E45000019,South East,2025,4,2025-01-20,1.0,False
E45000019,South East,2025,5,2025-01-27,0.0,False
E45000019,South East,2025,6,2025-02-03,0.0,False
E45000019,South East,2025,7,2025-02-10,0.0,False
E45000019,South East,2025,8,2025-02-17,0.0,False
E45000019,South East,2025,9,2025-02-24,1.0,False
E45000019,South East,2025,10,2025-03-03,1.0,False
E45000019,South East,2025,11,2025-03-10,0.0,False
E45000019,South East,2025,12,2025-03-17,1.0,False
E45000019,South East,2025,13,2025-03-24,2.0,False
E45000019,South East,2025,14,2025-03-31,1.0,False
E45000019,South East,2025,15,2025-04-07,1.0,False
E45000019,South East,2025,16,2025-04-14,0.0,False
E45000019,South East,2025,17,2025-04-21,1.0,False
E45000019,South East,2025,18,2025-04-28,3.0,False
E45000019,South East,2025,19,2025-05-05,1.0,False
E45000019,South East,2025,20,2025-05-12,2.0,False
E45000019,South East,2025,21,2025-05-19,3.0,False
E45000019,South East,2025,22,2025-05-26,1.0,False
E45000019,South East,2025,23,2025-06-02,0.0,False
E45000019,South East,2025,24,2025-06-09,0.0,False
E45000019,South East,2025,25,2025-06-16,1.0,False
E45000019,South East,2025,26,2025-06-23,1.0,False
E45000019,South East,2025,27,2025-06-30,2.0,False
E45000019,South East,2025,28,2025-07-07,0.0,False
E45000019,South East,2025,29,2025-07-14,0.0,False
E45000019,South East,2025,30,2025-07-21,0.0,False
E45000019,South East,2025,31,2025-07-28,0.0,False
E45000019,South East,2025,32,2025-08-04,0.0,False
E45000019,South East,2025,33,2025-08-11,3.0,False
E45000019,South East,2025,34,2025-08-18,1.0,False
E45000019,South East,2025,35,2025-08-25,0.0,False
E45000019,South East,2025,36,2025-09-01,0.0,False
E45000019,South East,2025,37,2025-09-08,1.0,False
E45000019,South East,2025,38,2025-09-15,2.0,False
E45000019,South East,2025,39,2025-09-22,0.0,False
E45000019,South East,2025,40,2025-09-29,1.0,False
E45000019,South East,2025,41,2025-10-06,0.0,False
E45000019,South East,2025,42,2025-10-13,0.0,False
E45000019,South East,2025,43,2025-10-20,0.0,False
E45000019,South East,2025,44,2025-10-27,0.0,False
E45000019,South East,2025,45,2025-11-03,0.0,False
E45000019,South East,2025,46,2025-11-10,0.0,False
E45000019,South East,2025,47,2025-11-17,0.0,False
E45000019,South East,2025,48,2025-11-24,0.0,False
E45000019,South East,2025,49,2025-12-01,1.0,False
E45000019,South East,2025,50,2025-12-08,0.0,False
E45000019,South East,2025,51,2025-12-15,0.0,False
E45000019,South East,2025,52,2025-12-22,2.0,False
E45000019,South East,2025,1,2025-12-29,0.0,False
E45000019,South East,2026,2,2026-01-05,0.0,False
E45000019,South East,2026,3,2026-01-12,0.0,False
E45000019,South East,2026,4,2026-01-19,0.0,False
E45000019,South East,2026,5,2026-01-26,1.0,False
E45000019,South East,2026,6,2026-02-02,0.0,False
E45000019,South East,2026,7,2026-02-09,0.0,False
E45000019,South East,2026,8,2026-02-16,0.0,False
E45000019,South East,2026,9,2026-02-23,0.0,False
E45000019,South East,2026,10,2026-03-02,0.0,False
E45000019,South East,2026,11,2026-03-09,0.0,False
E45000019,South East,2026,12,2026-03-16,0.0,False
E45000019,South East,2026,13,2026-03-23,0.0,False
E45000019,South East,2026,14,2026-03-30,1.0,False
E45000019,South East,2026,15,2026-04-06,0.0,False
E45000019,South East,2026,16,2026-04-13,0.0,False
E45000019,South East,2026,17,2026-04-20,0.0,False
E45000019,South East,2026,18,2026-04-27,2.0,False
E45000019,South East,2026,19,2026-05-04,0.0,False
E45000019,South East,2026,20,2026-05-11,1.0,False
E45000019,South East,2026,21,2026-05-18,1.0,False
E45000019,South East,2026,22,2026-05-25,1.0,True
E45000019,South East,2026,23,2026-06-01,0.0,True
E45000019,South East,2026,24,2026-06-08,0.0,True
E45000019,South East,2026,25,2026-06-15,0.0,True
E45000020,South West,2023,41,2023-10-09,1.0,False
E45000020,South West,2023,43,2023-10-23,1.0,False
E45000020,South West,2023,45,2023-11-06,1.0,False
E45000020,South West,2023,49,2023-12-04,1.0,False
E45000020,South West,2023,52,2023-12-25,1.0,False
E45000020,South West,2024,1,2024-01-01,0.0,False
E45000020,South West,2024,2,2024-01-08,0.0,False
E45000020,South West,2024,3,2024-01-15,0.0,False
E45000020,South West,2024,4,2024-01-22,0.0,False
E45000020,South West,2024,5,2024-01-29,1.0,False
E45000020,South West,2024,6,2024-02-05,0.0,False
E45000020,South West,2024,7,2024-02-12,3.0,False
E45000020,South West,2024,8,2024-02-19,1.0,False
E45000020,South West,2024,9,2024-02-26,2.0,False
E45000020,South West,2024,10,2024-03-04,0.0,False
E45000020,South West,2024,11,2024-03-11,1.0,False
E45000020,South West,2024,12,2024-03-18,0.0,False
E45000020,South West,2024,13,2024-03-25,0.0,False
E45000020,South West,2024,14,2024-04-01,1.0,False
E45000020,South West,2024,15,2024-04-08,3.0,False
E45000020,South West,2024,16,2024-04-15,2.0,False
E45000020,South West,2024,17,2024-04-22,2.0,False
E45000020,South West,2024,18,2024-04-29,2.0,False
E45000020,South West,2024,19,2024-05-06,1.0,False
E45000020,South West,2024,20,2024-05-13,2.0,False
E45000020,South West,2024,21,2024-05-20,1.0,False
E45000020,South West,2024,22,2024-05-27,0.0,False
E45000020,South West,2024,23,2024-06-03,0.0,False
E45000020,South West,2024,24,2024-06-10,0.0,False
E45000020,South West,2024,25,2024-06-17,1.0,False
E45000020,South West,2024,26,2024-06-24,1.0,False
E45000020,South West,2024,27,2024-07-01,2.0,False
E45000020,South West,2024,28,2024-07-08,1.0,False
E45000020,South West,2024,29,2024-07-15,1.0,False
E45000020,South West,2024,30,2024-07-22,1.0,False
E45000020,South West,2024,31,2024-07-29,0.0,False
E45000020,South West,2024,32,2024-08-05,1.0,False
E45000020,South West,2024,33,2024-08-12,0.0,False
E45000020,South West,2024,34,2024-08-19,0.0,False
E45000020,South West,2024,35,2024-08-26,0.0,False
E45000020,South West,2024,36,2024-09-02,0.0,False
E45000020,South West,2024,37,2024-09-09,1.0,False
E45000020,South West,2024,38,2024-09-16,2.0,False
E45000020,South West,2024,39,2024-09-23,0.0,False
E45000020,South West,2024,40,2024-09-30,0.0,False
E45000020,South West,2024,41,2024-10-07,0.0,False
E45000020,South West,2024,42,2024-10-14,0.0,False
E45000020,South West,2024,43,2024-10-21,1.0,False
E45000020,South West,2024,44,2024-10-28,1.0,False
E45000020,South West,2024,45,2024-11-04,11.0,False
E45000020,South West,2024,46,2024-11-11,7.0,False
E45000020,South West,2024,47,2024-11-18,9.0,False
E45000020,South West,2024,48,2024-11-25,8.0,False
E45000020,South West,2024,49,2024-12-02,12.0,False
E45000020,South West,2024,50,2024-12-09,8.0,False
E45000020,South West,2024,51,2024-12-16,13.0,False
E45000020,South West,2024,52,2024-12-23,7.0,False
E45000020,South West,2024,1,2024-12-30,5.0,False
E45000020,South West,2025,2,2025-01-06,6.0,False
E45000020,South West,2025,3,2025-01-13,6.0,False
E45000020,South West,2025,4,2025-01-20,5.0,False
E45000020,South West,2025,5,2025-01-27,4.0,False
E45000020,South West,2025,6,2025-02-03,1.0,False
E45000020,South West,2025,7,2025-02-10,6.0,False
E45000020,South West,2025,8,2025-02-17,2.0,False
E45000020,South West,2025,9,2025-02-24,2.0,False
E45000020,South West,2025,10,2025-03-03,1.0,False
E45000020,South West,2025,11,2025-03-10,3.0,False
E45000020,South West,2025,12,2025-03-17,2.0,False
E45000020,South West,2025,13,2025-03-24,2.0,False
E45000020,South West,2025,14,2025-03-31,3.0,False
E45000020,South West,2025,15,2025-04-07,1.0,False
E45000020,South West,2025,16,2025-04-14,4.0,False
E45000020,South West,2025,17,2025-04-21,2.0,False
E45000020,South West,2025,18,2025-04-28,3.0,False
E45000020,South West,2025,19,2025-05-05,2.0,False
E45000020,South West,2025,20,2025-05-12,0.0,False
E45000020,South West,2025,21,2025-05-19,0.0,False
E45000020,South West,2025,22,2025-05-26,0.0,False
E45000020,South West,2025,23,2025-06-02,0.0,False
E45000020,South West,2025,24,2025-06-09,0.0,False
E45000020,South West,2025,25,2025-06-16,0.0,False
E45000020,South West,2025,26,2025-06-23,0.0,False
E45000020,South West,2025,27,2025-06-30,0.0,False
E45000020,South West,2025,28,2025-07-07,0.0,False
E45000020,South West,2025,29,2025-07-14,1.0,False
E45000020,South West,2025,30,2025-07-21,0.0,False
E45000020,South West,2025,31,2025-07-28,0.0,False
E45000020,South West,2025,32,2025-08-04,0.0,False
E45000020,South West,2025,33,2025-08-11,0.0,False
E45000020,South West,2025,34,2025-08-18,0.0,False
E45000020,South West,2025,35,2025-08-25,0.0,False
E45000020,South West,2025,36,2025-09-01,0.0,False
E45000020,South West,2025,37,2025-09-08,0.0,False
E45000020,South West,2025,38,2025-09-15,0.0,False
E45000020,South West,2025,39,2025-09-22,0.0,False
E45000020,South West,2025,40,2025-09-29,0.0,False
E45000020,South West,2025,41,2025-10-06,0.0,False
E45000020,South West,2025,42,2025-10-13,0.0,False
E45000020,South West,2025,43,2025-10-20,0.0,False
E45000020,South West,2025,44,2025-10-27,0.0,False
E45000020,South West,2025,45,2025-11-03,0.0,False
E45000020,South West,2025,46,2025-11-10,1.0,False
E45000020,South West,2025,47,2025-11-17,0.0,False
E45000020,South West,2025,48,2025-11-24,0.0,False
E45000020,South West,2025,49,2025-12-01,0.0,False
E45000020,South West,2025,50,2025-12-08,0.0,False
E45000020,South West,2025,51,2025-12-15,0.0,False
E45000020,South West,2025,52,2025-12-22,0.0,False
E45000020,South West,2025,1,2025-12-29,0.0,False
E45000020,South West,2026,2,2026-01-05,0.0,False
E45000020,South West,2026,3,2026-01-12,0.0,False
E45000020,South West,2026,4,2026-01-19,0.0,False
E45000020,South West,2026,5,2026-01-26,0.0,False
E45000020,South West,2026,6,2026-02-02,0.0,False
E45000020,South West,2026,7,2026-02-09,0.0,False
E45000020,South West,2026,8,2026-02-16,1.0,False
E45000020,South West,2026,9,2026-02-23,0.0,False
E45000020,South West,2026,10,2026-03-02,0.0,False
E45000020,South West,2026,11,2026-03-09,0.0,False
E45000020,South West,2026,12,2026-03-16,0.0,False
E45000020,South West,2026,13,2026-03-23,0.0,False
E45000020,South West,2026,14,2026-03-30,0.0,False
E45000020,South West,2026,15,2026-04-06,0.0,False
E45000020,South West,2026,16,2026-04-13,0.0,False
E45000020,South West,2026,17,2026-04-20,0.0,False
E45000020,South West,2026,18,2026-04-27,0.0,False
E45000020,South West,2026,19,2026-05-04,1.0,False
E45000020,South West,2026,20,2026-05-11,0.0,False
E45000020,South West,2026,21,2026-05-18,0.0,False
E45000020,South West,2026,22,2026-05-25,1.0,True
E45000020,South West,2026,23,2026-06-01,3.0,True
E45000020,South West,2026,24,2026-06-08,1.0,True
E45000020,South West,2026,25,2026-06-15,0.0,True
E45000005,West Midlands,2023,42,2023-10-16,1.0,False
E45000005,West Midlands,2023,44,2023-10-30,2.0,False
E45000005,West Midlands,2023,45,2023-11-06,4.0,False
E45000005,West Midlands,2023,46,2023-11-13,3.0,False
E45000005,West Midlands,2023,47,2023-11-20,6.0,False
E45000005,West Midlands,2023,48,2023-11-27,7.0,False
E45000005,West Midlands,2023,49,2023-12-04,13.0,False
E45000005,West Midlands,2023,50,2023-12-11,24.0,False
E45000005,West Midlands,2023,51,2023-12-18,45.0,False
E45000005,West Midlands,2023,52,2023-12-25,48.0,False
E45000005,West Midlands,2024,1,2024-01-01,65.0,False
E45000005,West Midlands,2024,2,2024-01-08,49.0,False
E45000005,West Midlands,2024,3,2024-01-15,31.0,False
E45000005,West Midlands,2024,4,2024-01-22,36.0,False
E45000005,West Midlands,2024,5,2024-01-29,29.0,False
E45000005,West Midlands,2024,6,2024-02-05,24.0,False
E45000005,West Midlands,2024,7,2024-02-12,25.0,False
E45000005,West Midlands,2024,8,2024-02-19,23.0,False
E45000005,West Midlands,2024,9,2024-02-26,24.0,False
E45000005,West Midlands,2024,10,2024-03-04,12.0,False
E45000005,West Midlands,2024,11,2024-03-11,30.0,False
E45000005,West Midlands,2024,12,2024-03-18,21.0,False
E45000005,West Midlands,2024,13,2024-03-25,16.0,False
E45000005,West Midlands,2024,14,2024-04-01,19.0,False
E45000005,West Midlands,2024,15,2024-04-08,10.0,False
E45000005,West Midlands,2024,16,2024-04-15,13.0,False
E45000005,West Midlands,2024,17,2024-04-22,12.0,False
E45000005,West Midlands,2024,18,2024-04-29,11.0,False
E45000005,West Midlands,2024,19,2024-05-06,9.0,False
E45000005,West Midlands,2024,20,2024-05-13,11.0,False
E45000005,West Midlands,2024,21,2024-05-20,10.0,False
E45000005,West Midlands,2024,22,2024-05-27,8.0,False
E45000005,West Midlands,2024,23,2024-06-03,13.0,False
E45000005,West Midlands,2024,24,2024-06-10,6.0,False
E45000005,West Midlands,2024,25,2024-06-17,8.0,False
E45000005,West Midlands,2024,26,2024-06-24,5.0,False
E45000005,West Midlands,2024,27,2024-07-01,3.0,False
E45000005,West Midlands,2024,28,2024-07-08,7.0,False
E45000005,West Midlands,2024,29,2024-07-15,2.0,False
E45000005,West Midlands,2024,30,2024-07-22,7.0,False
E45000005,West Midlands,2024,31,2024-07-29,8.0,False
E45000005,West Midlands,2024,32,2024-08-05,5.0,False
E45000005,West Midlands,2024,33,2024-08-12,1.0,False
E45000005,West Midlands,2024,34,2024-08-19,0.0,False
E45000005,West Midlands,2024,35,2024-08-26,0.0,False
E45000005,West Midlands,2024,36,2024-09-02,1.0,False
E45000005,West Midlands,2024,37,2024-09-09,1.0,False
E45000005,West Midlands,2024,38,2024-09-16,2.0,False
E45000005,West Midlands,2024,39,2024-09-23,1.0,False
E45000005,West Midlands,2024,40,2024-09-30,1.0,False
E45000005,West Midlands,2024,41,2024-10-07,1.0,False
E45000005,West Midlands,2024,42,2024-10-14,0.0,False
E45000005,West Midlands,2024,43,2024-10-21,0.0,False
E45000005,West Midlands,2024,44,2024-10-28,0.0,False
E45000005,West Midlands,2024,45,2024-11-04,0.0,False
E45000005,West Midlands,2024,46,2024-11-11,0.0,False
E45000005,West Midlands,2024,47,2024-11-18,1.0,False
E45000005,West Midlands,2024,48,2024-11-25,0.0,False
E45000005,West Midlands,2024,49,2024-12-02,0.0,False
E45000005,West Midlands,2024,50,2024-12-09,0.0,False
E45000005,West Midlands,2024,51,2024-12-16,0.0,False
E45000005,West Midlands,2024,52,2024-12-23,0.0,False
E45000005,West Midlands,2024,1,2024-12-30,0.0,False
E45000005,West Midlands,2025,2,2025-01-06,0.0,False
E45000005,West Midlands,2025,3,2025-01-13,0.0,False
E45000005,West Midlands,2025,4,2025-01-20,0.0,False
E45000005,West Midlands,2025,5,2025-01-27,1.0,False
E45000005,West Midlands,2025,6,2025-02-03,0.0,False
E45000005,West Midlands,2025,7,2025-02-10,0.0,False
E45000005,West Midlands,2025,8,2025-02-17,2.0,False
E45000005,West Midlands,2025,9,2025-02-24,0.0,False
E45000005,West Midlands,2025,10,2025-03-03,1.0,False
E45000005,West Midlands,2025,11,2025-03-10,0.0,False
E45000005,West Midlands,2025,12,2025-03-17,1.0,False
E45000005,West Midlands,2025,13,2025-03-24,0.0,False
E45000005,West Midlands,2025,14,2025-03-31,2.0,False
E45000005,West Midlands,2025,15,2025-04-07,4.0,False
E45000005,West Midlands,2025,16,2025-04-14,1.0,False
E45000005,West Midlands,2025,17,2025-04-21,1.0,False
E45000005,West Midlands,2025,18,2025-04-28,0.0,False
E45000005,West Midlands,2025,19,2025-05-05,1.0,False
E45000005,West Midlands,2025,20,2025-05-12,0.0,False
E45000005,West Midlands,2025,21,2025-05-19,4.0,False
E45000005,West Midlands,2025,22,2025-05-26,8.0,False
E45000005,West Midlands,2025,23,2025-06-02,3.0,False
E45000005,West Midlands,2025,24,2025-06-09,3.0,False
E45000005,West Midlands,2025,25,2025-06-16,2.0,False
E45000005,West Midlands,2025,26,2025-06-23,0.0,False
E45000005,West Midlands,2025,27,2025-06-30,0.0,False
E45000005,West Midlands,2025,28,2025-07-07,0.0,False
E45000005,West Midlands,2025,29,2025-07-14,0.0,False
E45000005,West Midlands,2025,30,2025-07-21,0.0,False
E45000005,West Midlands,2025,31,2025-07-28,0.0,False
E45000005,West Midlands,2025,32,2025-08-04,0.0,False
E45000005,West Midlands,2025,33,2025-08-11,0.0,False
E45000005,West Midlands,2025,34,2025-08-18,0.0,False
E45000005,West Midlands,2025,35,2025-08-25,0.0,False
E45000005,West Midlands,2025,36,2025-09-01,0.0,False
E45000005,West Midlands,2025,37,2025-09-08,0.0,False
E45000005,West Midlands,2025,38,2025-09-15,0.0,False
E45000005,West Midlands,2025,39,2025-09-22,2.0,False
E45000005,West Midlands,2025,40,2025-09-29,3.0,False
E45000005,West Midlands,2025,41,2025-10-06,10.0,False
E45000005,West Midlands,2025,42,2025-10-13,5.0,False
E45000005,West Midlands,2025,43,2025-10-20,2.0,False
E45000005,West Midlands,2025,44,2025-10-27,1.0,False
E45000005,West Midlands,2025,45,2025-11-03,2.0,False
E45000005,West Midlands,2025,46,2025-11-10,1.0,False
E45000005,West Midlands,2025,47,2025-11-17,6.0,False
E45000005,West Midlands,2025,48,2025-11-24,1.0,False
E45000005,West Midlands,2025,49,2025-12-01,3.0,False
E45000005,West Midlands,2025,50,2025-12-08,4.0,False
E45000005,West Midlands,2025,51,2025-12-15,0.0,False
E45000005,West Midlands,2025,52,2025-12-22,2.0,False
E45000005,West Midlands,2025,1,2025-12-29,7.0,False
E45000005,West Midlands,2026,2,2026-01-05,3.0,False
E45000005,West Midlands,2026,3,2026-01-12,4.0,False
E45000005,West Midlands,2026,4,2026-01-19,8.0,False
E45000005,West Midlands,2026,5,2026-01-26,4.0,False
E45000005,West Midlands,2026,6,2026-02-02,4.0,False
E45000005,West Midlands,2026,7,2026-02-09,3.0,False
E45000005,West Midlands,2026,8,2026-02-16,7.0,False
E45000005,West Midlands,2026,9,2026-02-23,13.0,False
E45000005,West Midlands,2026,10,2026-03-02,5.0,False
E45000005,West Midlands,2026,11,2026-03-09,13.0,False
E45000005,West Midlands,2026,12,2026-03-16,10.0,False
E45000005,West Midlands,2026,13,2026-03-23,11.0,False
E45000005,West Midlands,2026,14,2026-03-30,8.0,False
E45000005,West Midlands,2026,15,2026-04-06,3.0,False
E45000005,West Midlands,2026,16,2026-04-13,7.0,False
E45000005,West Midlands,2026,17,2026-04-20,4.0,False
E45000005,West Midlands,2026,18,2026-04-27,3.0,False
E45000005,West Midlands,2026,19,2026-05-04,1.0,False
E45000005,West Midlands,2026,20,2026-05-11,4.0,False
E45000005,West Midlands,2026,21,2026-05-18,6.0,False
E45000005,West Midlands,2026,22,2026-05-25,6.0,True
E45000005,West Midlands,2026,23,2026-06-01,4.0,True
E45000005,West Midlands,2026,24,2026-06-08,1.0,True
E45000005,West Midlands,2026,25,2026-06-15,0.0,True
E45000010,Yorkshire and Humber,2023,44,2023-10-30,2.0,False
E45000010,Yorkshire and Humber,2023,45,2023-11-06,2.0,False
E45000010,Yorkshire and Humber,2023,46,2023-11-13,6.0,False
E45000010,Yorkshire and Humber,2023,47,2023-11-20,4.0,False
E45000010,Yorkshire and Humber,2023,48,2023-11-27,2.0,False
E45000010,Yorkshire and Humber,2023,49,2023-12-04,1.0,False
E45000010,Yorkshire and Humber,2023,51,2023-12-18,1.0,False
E45000010,Yorkshire and Humber,2024,1,2024-01-01,1.0,False
E45000010,Yorkshire and Humber,2024,2,2024-01-08,1.0,False
E45000010,Yorkshire and Humber,2024,3,2024-01-15,5.0,False
E45000010,Yorkshire and Humber,2024,4,2024-01-22,4.0,False
E45000010,Yorkshire and Humber,2024,5,2024-01-29,5.0,False
E45000010,Yorkshire and Humber,2024,6,2024-02-05,4.0,False
E45000010,Yorkshire and Humber,2024,7,2024-02-12,7.0,False
E45000010,Yorkshire and Humber,2024,8,2024-02-19,3.0,False
E45000010,Yorkshire and Humber,2024,9,2024-02-26,3.0,False
E45000010,Yorkshire and Humber,2024,10,2024-03-04,4.0,False
E45000010,Yorkshire and Humber,2024,11,2024-03-11,3.0,False
E45000010,Yorkshire and Humber,2024,12,2024-03-18,0.0,False
E45000010,Yorkshire and Humber,2024,13,2024-03-25,1.0,False
E45000010,Yorkshire and Humber,2024,14,2024-04-01,0.0,False
E45000010,Yorkshire and Humber,2024,15,2024-04-08,7.0,False
E45000010,Yorkshire and Humber,2024,16,2024-04-15,4.0,False
E45000010,Yorkshire and Humber,2024,17,2024-04-22,4.0,False
E45000010,Yorkshire and Humber,2024,18,2024-04-29,5.0,False
E45000010,Yorkshire and Humber,2024,19,2024-05-06,3.0,False
E45000010,Yorkshire and Humber,2024,20,2024-05-13,2.0,False
E45000010,Yorkshire and Humber,2024,21,2024-05-20,1.0,False
E45000010,Yorkshire and Humber,2024,22,2024-05-27,1.0,False
E45000010,Yorkshire and Humber,2024,23,2024-06-03,1.0,False
E45000010,Yorkshire and Humber,2024,24,2024-06-10,1.0,False
E45000010,Yorkshire and Humber,2024,25,2024-06-17,5.0,False
E45000010,Yorkshire and Humber,2024,26,2024-06-24,1.0,False
E45000010,Yorkshire and Humber,2024,27,2024-07-01,3.0,False
E45000010,Yorkshire and Humber,2024,28,2024-07-08,0.0,False
E45000010,Yorkshire and Humber,2024,29,2024-07-15,1.0,False
E45000010,Yorkshire and Humber,2024,30,2024-07-22,1.0,False
E45000010,Yorkshire and Humber,2024,31,2024-07-29,0.0,False
E45000010,Yorkshire and Humber,2024,32,2024-08-05,0.0,False
E45000010,Yorkshire and Humber,2024,33,2024-08-12,0.0,False
E45000010,Yorkshire and Humber,2024,34,2024-08-19,0.0,False
E45000010,Yorkshire and Humber,2024,35,2024-08-26,1.0,False
E45000010,Yorkshire and Humber,2024,36,2024-09-02,4.0,False
E45000010,Yorkshire and Humber,2024,37,2024-09-09,1.0,False
E45000010,Yorkshire and Humber,2024,38,2024-09-16,1.0,False
E45000010,Yorkshire and Humber,2024,39,2024-09-23,0.0,False
E45000010,Yorkshire and Humber,2024,40,2024-09-30,2.0,False
E45000010,Yorkshire and Humber,2024,41,2024-10-07,0.0,False
E45000010,Yorkshire and Humber,2024,42,2024-10-14,3.0,False
E45000010,Yorkshire and Humber,2024,43,2024-10-21,7.0,False
E45000010,Yorkshire and Humber,2024,44,2024-10-28,6.0,False
E45000010,Yorkshire and Humber,2024,45,2024-11-04,8.0,False
E45000010,Yorkshire and Humber,2024,46,2024-11-11,8.0,False
E45000010,Yorkshire and Humber,2024,47,2024-11-18,9.0,False
E45000010,Yorkshire and Humber,2024,48,2024-11-25,8.0,False
E45000010,Yorkshire and Humber,2024,49,2024-12-02,11.0,False
E45000010,Yorkshire and Humber,2024,50,2024-12-09,10.0,False
E45000010,Yorkshire and Humber,2024,51,2024-12-16,3.0,False
E45000010,Yorkshire and Humber,2024,52,2024-12-23,2.0,False
E45000010,Yorkshire and Humber,2024,1,2024-12-30,6.0,False
E45000010,Yorkshire and Humber,2025,2,2025-01-06,7.0,False
E45000010,Yorkshire and Humber,2025,3,2025-01-13,6.0,False
E45000010,Yorkshire and Humber,2025,4,2025-01-20,3.0,False
E45000010,Yorkshire and Humber,2025,5,2025-01-27,4.0,False
E45000010,Yorkshire and Humber,2025,6,2025-02-03,5.0,False
E45000010,Yorkshire and Humber,2025,7,2025-02-10,2.0,False
E45000010,Yorkshire and Humber,2025,8,2025-02-17,2.0,False
E45000010,Yorkshire and Humber,2025,9,2025-02-24,2.0,False
E45000010,Yorkshire and Humber,2025,10,2025-03-03,1.0,False
E45000010,Yorkshire and Humber,2025,11,2025-03-10,0.0,False
E45000010,Yorkshire and Humber,2025,12,2025-03-17,0.0,False
E45000010,Yorkshire and Humber,2025,13,2025-03-24,0.0,False
E45000010,Yorkshire and Humber,2025,14,2025-03-31,0.0,False
E45000010,Yorkshire and Humber,2025,15,2025-04-07,0.0,False
E45000010,Yorkshire and Humber,2025,16,2025-04-14,0.0,False
E45000010,Yorkshire and Humber,2025,17,2025-04-21,0.0,False
E45000010,Yorkshire and Humber,2025,18,2025-04-28,0.0,False
E45000010,Yorkshire and Humber,2025,19,2025-05-05,0.0,False
E45000010,Yorkshire and Humber,2025,20,2025-05-12,0.0,False
E45000010,Yorkshire and Humber,2025,21,2025-05-19,0.0,False
E45000010,Yorkshire and Humber,2025,22,2025-05-26,0.0,False
E45000010,Yorkshire and Humber,2025,23,2025-06-02,0.0,False
E45000010,Yorkshire and Humber,2025,24,2025-06-09,1.0,False
E45000010,Yorkshire and Humber,2025,25,2025-06-16,0.0,False
E45000010,Yorkshire and Humber,2025,26,2025-06-23,0.0,False
E45000010,Yorkshire and Humber,2025,27,2025-06-30,0.0,False
E45000010,Yorkshire and Humber,2025,28,2025-07-07,0.0,False
E45000010,Yorkshire and Humber,2025,29,2025-07-14,0.0,False
E45000010,Yorkshire and Humber,2025,30,2025-07-21,0.0,False
E45000010,Yorkshire and Humber,2025,31,2025-07-28,0.0,False
E45000010,Yorkshire and Humber,2025,32,2025-08-04,1.0,False
E45000010,Yorkshire and Humber,2025,33,2025-08-11,0.0,False
E45000010,Yorkshire and Humber,2025,34,2025-08-18,0.0,False
E45000010,Yorkshire and Humber,2025,35,2025-08-25,0.0,False
E45000010,Yorkshire and Humber,2025,36,2025-09-01,0.0,False
E45000010,Yorkshire and Humber,2025,37,2025-09-08,0.0,False
E45000010,Yorkshire and Humber,2025,38,2025-09-15,0.0,False
E45000010,Yorkshire and Humber,2025,39,2025-09-22,0.0,False
E45000010,Yorkshire and Humber,2025,40,2025-09-29,0.0,False
E45000010,Yorkshire and Humber,2025,41,2025-10-06,0.0,False
E45000010,Yorkshire and Humber,2025,42,2025-10-13,0.0,False
E45000010,Yorkshire and Humber,2025,43,2025-10-20,1.0,False
E45000010,Yorkshire and Humber,2025,44,2025-10-27,0.0,False
E45000010,Yorkshire and Humber,2025,45,2025-11-03,1.0,False
E45000010,Yorkshire and Humber,2025,46,2025-11-10,4.0,False
E45000010,Yorkshire and Humber,2025,47,2025-11-17,2.0,False
E45000010,Yorkshire and Humber,2025,48,2025-11-24,1.0,False
E45000010,Yorkshire and Humber,2025,49,2025-12-01,4.0,False
E45000010,Yorkshire and Humber,2025,50,2025-12-08,1.0,False
E45000010,Yorkshire and Humber,2025,51,2025-12-15,4.0,False
E45000010,Yorkshire and Humber,2025,52,2025-12-22,2.0,False
E45000010,Yorkshire and Humber,2025,1,2025-12-29,0.0,False
E45000010,Yorkshire and Humber,2026,2,2026-01-05,0.0,False
E45000010,Yorkshire and Humber,2026,3,2026-01-12,1.0,False
E45000010,Yorkshire and Humber,2026,4,2026-01-19,0.0,False
E45000010,Yorkshire and Humber,2026,5,2026-01-26,0.0,False
E45000010,Yorkshire and Humber,2026,6,2026-02-02,0.0,False
E45000010,Yorkshire and Humber,2026,7,2026-02-09,0.0,False
E45000010,Yorkshire and Humber,2026,8,2026-02-16,0.0,False
E45000010,Yorkshire and Humber,2026,9,2026-02-23,4.0,False
E45000010,Yorkshire and Humber,2026,10,2026-03-02,3.0,False
E45000010,Yorkshire and Humber,2026,11,2026-03-09,1.0,False
E45000010,Yorkshire and Humber,2026,12,2026-03-16,4.0,False
E45000010,Yorkshire and Humber,2026,13,2026-03-23,0.0,False
E45000010,Yorkshire and Humber,2026,14,2026-03-30,0.0,False
E45000010,Yorkshire and Humber,2026,15,2026-04-06,1.0,False
E45000010,Yorkshire and Humber,2026,16,2026-04-13,2.0,False
E45000010,Yorkshire and Humber,2026,17,2026-04-20,2.0,False
E45000010,Yorkshire and Humber,2026,18,2026-04-27,2.0,False
E45000010,Yorkshire and Humber,2026,19,2026-05-04,6.0,False
E45000010,Yorkshire and Humber,2026,20,2026-05-11,4.0,False
E45000010,Yorkshire and Humber,2026,21,2026-05-18,8.0,False
E45000010,Yorkshire and Humber,2026,22,2026-05-25,5.0,True
E45000010,Yorkshire and Humber,2026,23,2026-06-01,5.0,True
E45000010,Yorkshire and Humber,2026,24,2026-06-08,1.0,True
E45000010,Yorkshire and Humber,2026,25,2026-06-15,0.0,True
